emoji,wins,losses,votes
"ğŸ¥Œ curling stone",8,1,102
"ğŸ¥‡ 1st place medal",7,0,13
"ğŸ¥­ mango",6,1,21
"ğŸ§¿ nazar amulet",6,0,28
"ğŸ¤‘ money mouth face",6,3,20
"ğŸ§± brick",6,1,91
"ğŸŒ¶ hot pepper",6,1,34
"ğŸŒŒ milky way",6,0,30
"ğŸŒ½ ear of corn",5,0,14
"ğŸŒ€ cyclone",5,0,16
"ğŸ“ rooster",5,0,18
"ğŸ”› ON! arrow",5,4,22
"ğŸ“¥ inbox tray",5,4,28
"ğŸ‘¡ womanâ€™s sandal",5,5,86
"â›… sun behind cloud",5,1,21
"ğŸ¦† duck",5,0,17
"ğŸ§¯ fire extinguisher",5,0,21
"ğŸ’« dizzy",5,3,23
"ğŸ³ bowling",5,0,15
"ğŸ snake",5,0,10
"ğŸ  roasted sweet potato",5,2,7
"âšœ fleur de lis",5,1,33
"ğŸš‚ locomotive",5,0,49
"ğŸ¦’ giraffe",5,0,26
"â™Ÿ chess pawn",5,0,19
"ğŸ›´ kick scooter",5,0,39
"ğŸŒ² evergreen tree",5,1,43
"â›½ fuel pump",5,2,27
"ğŸ¦¸â€â™€ï¸ woman superhero",5,1,26
"ğŸ§§ red envelope",5,1,47
"â„¢ trade mark",4,2,29
"ğŸ‰ dragon",4,1,15
"ğŸ national park",4,2,29
"ğŸ§¸ teddy bear",4,1,16
"ğŸ§œ merperson",4,2,21
"ğŸ•‹ kaaba",4,2,17
"ğŸš¾ water closet",4,2,15
"ğŸ‘©â€ğŸ’» woman technologist",4,1,22
"ğŸ¡ ferris wheel",4,2,21
"ğŸŒ† cityscape at dusk",4,0,4
"ğŸŒ‹ volcano",4,0,17
"ğŸ¤¸â€â™€ï¸ woman cartwheeling",4,3,16
"ğŸŒµ cactus",4,1,64
"ğŸ¦ƒ turkey",4,1,27
"ğŸ spaghetti",4,1,13
"ğŸ’ monkey",4,1,25
"ğŸ˜± face screaming in fear",4,2,27
"ğŸ“¼ videocassette",4,3,29
"ğŸ‘³ person wearing turban",4,3,19
"ğŸ™â€â™€ï¸ woman frowning",4,1,14
"ğŸ›· sled",4,2,24
"ğŸšŒ bus",4,1,26
"â›‘ rescue workerâ€™s helmet",4,1,13
"ğŸš derelict house",4,5,25
"ğŸ¤¹ person juggling",4,3,21
"ğŸ¤¶ Mrs. Claus",4,1,49
"ğŸ¦¸â€â™‚ï¸ man superhero",4,0,13
"ğŸ§¨ firecracker",4,3,40
"ğŸ–¨ printer",4,1,176
"ğŸ”Œ electric plug",4,0,23
"ğŸ’¯ hundred points",4,2,100
"ğŸš“ police car",4,1,16
"ğŸ˜€ grinning face",4,1,12
"ğŸ˜‘ expressionless face",4,1,247
"â¡ right arrow",4,2,12
"ğŸ¦ shrimp",4,2,52
"ğŸ™…â€â™€ï¸ woman gesturing NO",4,3,29
"ğŸ· saxophone",4,1,51
"ğŸ™ slightly frowning face",4,1,23
"ğŸ‘©â€ğŸ­ woman factory worker",4,0,20
"ğŸ’ gem stone",4,5,34
"ğŸ‘©â€ğŸ“ woman student",4,1,91
"ğŸ‡ rabbit",4,2,33
"ğŸ¤œ right facing fist",4,1,12
"ğŸŒª tornado",4,0,21
"ğŸ‘©â€âš–ï¸ woman judge",4,1,9
"ğŸ§» roll of paper",4,2,12
"ğŸ¦€ crab",4,0,22
"ğŸ‘¨â€ğŸš€ man astronaut",4,1,25
"ğŸ§â€â™€ï¸ woman elf",4,2,34
"ğŸ“€ dvd",4,1,16
"ğŸ– pig",4,1,29
"ğŸš½ toilet",4,1,60
"ğŸ‰ party popper",4,0,20
"ğŸ¦š peacock",4,0,28
"Â© copyright",4,0,22
"ğŸ§— person climbing",4,1,66
"ğŸšº womenâ€™s room",4,1,46
"ğŸ§–â€â™€ï¸ woman in steamy room",4,0,132
"ğŸª cookie",3,1,30
"â˜• hot beverage",3,1,89
"ğŸ‘©â€ğŸŒ¾ woman farmer",3,0,19
"ğŸš¤ speedboat",3,0,11
"ğŸ‘µ old woman",3,0,18
"ğŸ”± trident emblem",3,2,14
"ğŸ² dragon face",3,0,10
"â— heavy division sign",3,1,10
"ğŸ’Œ love letter",3,3,8
"ğŸ‘˜ kimono",3,3,22
"â¤ï¸ red heart",3,1,10
"ğŸ· pig face",3,0,38
"ğŸ¸ guitar",3,0,10
"ğŸ£ Japanese post office",3,0,18
"ğŸ‘Š oncoming fist",3,2,6
"ğŸ pear",3,3,10
"ğŸš° potable water",3,2,96
"â†– up left arrow",3,2,5
"ğŸŒï¸â€â™‚ï¸ man golfing",3,1,8
"ğŸŒ¬ wind face",3,1,8
"ğŸŠâ€â™€ï¸ woman swimming",3,0,15
"ğŸ“² mobile phone with arrow",3,1,39
"ğŸ¦– T Rex",3,0,52
"ğŸ•— eight oâ€™clock",3,1,12
"ğŸ¾ paw prints",3,1,22
"ğŸ˜´ sleeping face",3,5,28
"ğŸ“¡ satellite antenna",3,3,15
"ğŸš trolleybus",3,3,16
"ğŸ€ rat",3,1,121
"ğŸ§ elf",3,0,105
"ğŸ’ ice hockey",3,1,4
"ğŸ¦‡ bat",3,1,20
"ğŸ¤® face vomiting",3,3,17
"ğŸšˆ light rail",3,0,9
"ğŸ¦³ white hair",3,1,13
"ğŸ“ ping pong",3,1,36
"ğŸŒ sun with face",3,1,67
"ğŸ‘©â€ğŸ¦° woman; red hair",3,1,14
"ğŸ™† person gesturing OK",3,3,12
"ğŸ‘‹ waving hand",3,2,15
"ğŸ« two hump camel",3,0,13
"ğŸš« prohibited",3,5,16
"ğŸ ram",3,1,17
"ğŸšŠ tram",3,1,19
"ğŸŒŠ water wave",3,0,12
"ğŸ¦ soft ice cream",3,3,4
"ğŸ“ triangular ruler",3,1,44
"ğŸŒ¥ sun behind large cloud",3,2,17
"ğŸ¤¸ person cartwheeling",3,0,13
"ğŸ¯ direct hit",3,0,7
"ğŸ›Œ person in bed",3,2,25
"ğŸš oncoming bus",3,0,55
"ğŸ•£ eight thirty",3,4,17
"ğŸ‘™ bikini",3,1,9
"ğŸ•˜ nine oâ€™clock",3,0,91
"ğŸ§‚ salt",3,2,99
"ğŸŒº hibiscus",3,2,15
"ğŸ– crayon",3,1,13
"â˜¯ yin yang",3,1,29
"â­• heavy large circle",3,3,14
"ğŸ‘©â€ğŸ”§ woman mechanic",3,1,19
"â° alarm clock",3,0,15
"ğŸ‘³â€â™€ï¸ woman wearing turban",3,0,9
"ğŸ• dog",3,3,171
"ğŸ± pool 8 ball",3,3,14
"ğŸ’¸ money with wings",3,0,6
"ğŸ¦• sauropod",3,0,11
"ğŸ’€ skull",3,2,10
"ğŸ‘¿ angry face with horns",3,1,29
"ğŸ›¡ shield",3,1,10
"â¬› black large square",3,4,9
"ğŸ€ four leaf clover",3,2,14
"â›¸ ice skate",3,1,13
"ğŸ˜ rice cracker",3,0,8
"âœ pencil",3,3,10
"ğŸ’ backpack",3,1,29
"ğŸ‘¨â€â¤ï¸â€ğŸ’‹â€ğŸ‘¨ kiss; man, man",3,2,16
"ğŸ’£ bomb",3,0,9
"ğŸˆ cat",3,0,11
"ğŸ„ cow",3,3,28
"ğŸ¥¢ chopsticks",3,1,7
"ğŸ¤¡ clown face",3,1,13
"ğŸ¯ tiger face",3,3,12
"ğŸŠâ€â™‚ï¸ man swimming",3,1,6
"ğŸ‘¾ alien monster",3,2,16
"ğŸš¡ aerial tramway",3,1,16
"ğŸ¥¨ pretzel",3,1,17
"ğŸ“§ e mail",3,2,14
"ğŸ§¹ broom",3,0,6
"ğŸ„â€â™€ï¸ woman surfing",3,1,9
"ğŸ• two thirty",3,1,22
"ğŸ‘– jeans",3,2,44
"ğŸ—³ ballot box with ballot",3,3,22
"ğŸº beer mug",3,0,6
"ğŸ•œ one thirty",3,2,16
"ğŸ’‰ syringe",3,1,8
"ğŸŒ­ hot dog",3,0,10
"ğŸ’º seat",3,2,29
"ğŸš¶â€â™€ï¸ woman walking",3,0,7
"ğŸ’œ purple heart",3,1,11
"ğŸ„ mushroom",3,1,23
"ğŸš¢ ship",3,2,26
"ğŸŒ´ palm tree",3,1,20
"ğŸš¹ menâ€™s room",3,1,12
"ğŸŒ‰ bridge at night",3,2,13
"ğŸ‘©â€ğŸ« woman teacher",3,0,17
"ğŸ”™ BACK arrow",3,0,7
"ğŸ‘©â€ğŸ¨ woman artist",3,2,11
"ğŸ‘©â€ğŸš’ woman firefighter",3,0,15
"ğŸ¤ baby chick",3,2,36
"âš“ anchor",3,0,5
"ğŸ‘®â€â™€ï¸ woman police officer",3,0,14
"ğŸš monorail",3,0,9
"ğŸ•¡ six thirty",3,2,28
"ğŸ§ genie",3,0,25
"ğŸ™‡â€â™‚ï¸ man bowing",3,3,16
"ğŸ¨ koala",3,0,19
"ğŸ† eggplant",3,0,11
"ğŸ› curry rice",3,1,24
"ğŸš† train",3,0,10
"ğŸ¤™ call me hand",3,1,52
"ğŸ¦· tooth",3,1,57
"ğŸš‘ ambulance",3,0,7
"ğŸ¬ dolphin",3,0,18
"ğŸŒ“ first quarter moon",3,3,28
"ğŸ‘¬ two men holding hands",3,1,27
"ğŸ¥¯ bagel",3,0,11
"ğŸ‡ horse racing",3,3,16
"ğŸ‘©â€ğŸš€ woman astronaut",3,0,26
"ğŸ§€ cheese wedge",3,0,12
"ğŸ—¡ dagger",3,1,13
"ğŸ’· pound banknote",3,2,24
"ğŸ› bed",3,0,13
"ğŸ¦‚ scorpion",3,0,15
"ğŸ¦” hedgehog",3,0,13
"ğŸ¼ panda face",3,0,12
"ğŸ“‰ chart decreasing",3,1,11
"ğŸ¥ drum",3,0,10
"ğŸ›‚ passport control",3,0,112
"ğŸ”¹ small blue diamond",3,3,18
"ğŸ‘  high heeled shoe",3,0,25
"ğŸ¶ sake",3,0,23
"ğŸš… bullet train",3,0,14
"ğŸŒˆ rainbow",3,1,31
"ğŸ™‡â€â™€ï¸ woman bowing",3,0,10
"â›” no entry",3,0,24
"ğŸ‘±â€â™€ï¸ woman; blond hair",2,3,17
"ğŸ”® crystal ball",2,3,11
"ğŸ’¼ briefcase",2,1,7
"ğŸšŸ suspension railway",2,2,8
"ğŸ•” five oâ€™clock",2,2,9
"ğŸš• taxi",2,1,3
"â†— up right arrow",2,1,7
"ğŸ’â€â™‚ï¸ man tipping hand",2,1,7
"ğŸ¨ hotel",2,2,6
"ğŸ‘¨â€ğŸ¦² man; bald",2,4,12
"ğŸ˜¾ pouting cat face",2,1,15
"ğŸ˜¿ crying cat face",2,3,18
"â›± umbrella on ground",2,2,11
"ğŸ˜­ loudly crying face",2,4,14
"ğŸ”— link",2,4,28
"ğŸ•µï¸â€â™€ï¸ woman detective",2,0,13
"âš’ hammer and pick",2,2,15
"ğŸ¥˜ shallow pan of food",2,0,6
"ğŸ˜Œ relieved face",2,2,9
"ğŸ´ fork and knife",2,1,12
"ğŸ© doughnut",2,1,40
"ğŸ˜— kissing face",2,2,10
"ğŸ’‚â€â™€ï¸ woman guard",2,1,4
"ğŸ¦› hippopotamus",2,2,10
"ğŸ½ pig nose",2,2,46
"ğŸ› bellhop bell",2,1,10
"ğŸ“‘ bookmark tabs",2,1,10
"ğŸ˜‚ face with tears of joy",2,1,4
"ğŸ§½ sponge",2,1,3
"ğŸ mouse",2,0,6
"ğŸ‘ manâ€™s shoe",2,2,12
"ğŸ•· spider",2,3,9
"ğŸ¦‘ squid",2,0,8
"ğŸ¥¶ cold face",2,2,15
"â± stopwatch",2,1,2
"ğŸ° castle",2,2,47
"ğŸ‘©â€ğŸ¦± woman; curly hair",2,2,12
"ğŸ•§ twelve thirty",2,5,18
"ğŸ–± computer mouse",2,2,8
"ğŸ™‡ person bowing",2,5,10
"ğŸ”¦ flashlight",2,0,18
"ğŸ’– sparkling heart",2,2,15
"ğŸ› place of worship",2,1,5
"ğŸ¦— cricket",2,3,14
"ğŸ¤  cowboy hat face",2,1,11
"ğŸ­ lollipop",2,0,4
"ğŸ¥„ spoon",2,2,6
"ğŸ‘• t shirt",2,2,3
"ğŸ¤¯ exploding head",2,1,7
"ğŸ§• woman with headscarf",2,0,3
"ğŸŒ© cloud with lightning",2,1,55
"â˜ï¸ index pointing up",2,2,4
"ğŸŒ° chestnut",2,3,15
"âº record button",2,5,9
"ğŸ˜Š smiling face",2,2,6
"ğŸ© love hotel",2,1,6
"ğŸ’¤ zzz",2,2,5
"ğŸ¥ movie camera",2,5,9
"ğŸ› classical building",2,4,15
"ğŸ’˜ heart with arrow",2,1,4
"â›¹ person bouncing ball",2,2,3
"ğŸ”­ telescope",2,0,5
"ğŸ‘¨â€âœˆï¸ man pilot",2,2,5
"ğŸ•  five thirty",2,2,13
"ğŸŒ  shooting star",2,1,2
"ğŸŒ¸ cherry blossom",2,3,7
"ğŸ‘¨ man",2,3,45
"ğŸ’‘ couple with heart",2,1,12
"ğŸ§ ATM sign",2,0,7
"ğŸ green apple",2,2,9
"ğŸ“  fax machine",2,1,5
"ğŸ‘® police officer",2,1,12
"ğŸ‘­ two women holding hands",2,1,11
"ğŸ¥ front facing baby chick",2,1,8
"ğŸ’¾ floppy disk",2,1,43
"â›° mountain",2,0,11
"ğŸ§– person in steamy room",2,0,5
"ğŸ˜ disappointed face",2,2,4
"ğŸ¥« canned food",2,1,13
"ğŸ¤·â€â™‚ï¸ man shrugging",2,2,10
"ğŸ“Š bar chart",2,2,13
"ğŸ‹ whale",2,3,16
"ğŸ”” bell",2,5,18
"â—€ reverse button",2,0,2
"ğŸ® cow face",2,1,6
"ğŸ… Santa Claus",2,2,9
"â• heavy plus sign",2,3,28
"â¿ double curly loop",2,2,7
"âœ‚ scissors",2,2,69
"ğŸ” locked with key",2,2,4
"ğŸ¥‘ avocado",2,0,4
"âœ‰ envelope",2,2,19
"ğŸ· label",2,4,5
"ğŸš mountain railway",2,2,10
"ğŸˆ american football",2,4,16
"ğŸ› bug",2,2,8
"ğŸšœ tractor",2,1,16
"ğŸ™ folded hands",2,3,17
"ğŸ¦  microbe",2,0,8
"ğŸ¤µ man in tuxedo",2,2,5
"ğŸ‘Œ OK hand",2,2,4
"ğŸ¦ bank",2,0,8
"ğŸ™ˆ see no evil monkey",2,1,6
"ğŸ cricket game",2,2,4
"ğŸ‘¦ boy",2,4,16
"ğŸ¥£ bowl with spoon",2,2,49
"ğŸ†— OK button",2,1,5
"ğŸ‘ thumbs up",2,2,81
"ğŸš minibus",2,0,3
"ğŸ— boar",2,1,13
"ğŸ˜† grinning squinting face",2,4,16
"ğŸ’› yellow heart",2,1,5
"ğŸŒ· tulip",2,1,6
"ğŸ¶ dog face",2,0,8
"ğŸ§œâ€â™€ï¸ mermaid",2,2,15
"ğŸš spiral shell",2,1,10
"ğŸ¢ office building",2,1,9
"â cross mark button",2,1,2
"ğŸ†™ UP! button",2,1,9
"ğŸ´ horse face",2,1,9
"ğŸ¯ Japanese castle",2,0,5
"ğŸ•° mantelpiece clock",2,1,8
"ğŸ¤¦ person facepalming",2,2,17
"ğŸ” locked with pen",2,2,5
"ğŸ“ strawberry",2,2,9
"ğŸ‘„ mouth",2,0,4
"âœ– heavy multiplication x",2,3,15
"ğŸ“ˆ chart increasing",2,0,6
"ğŸ˜ elephant",2,1,10
"â™¾ infinity",2,1,43
"ğŸ’¡ light bulb",2,3,10
"â™ Scorpio",2,2,27
"ğŸ­ mouse face",2,3,4
"ğŸ›‹ couch and lamp",2,2,7
"ğŸ—¾ map of Japan",2,3,14
"ğŸ¥œ peanuts",2,5,49
"ğŸ§° toolbox",2,3,59
"ğŸ–¼ framed picture",2,3,19
"âŒ› hourglass done",2,2,8
"ğŸŠ confetti ball",2,1,8
"ğŸ¹ bow and arrow",2,1,9
"ğŸš® litter in bin sign",2,0,6
"ğŸ•Œ mosque",2,1,6
"ğŸ›’ shopping cart",2,1,8
"ğŸ•‰ om",2,2,4
"ğŸ˜˜ face blowing a kiss",2,4,17
"ğŸ¢ turtle",2,2,20
"âœ’ black nib",2,1,6
"ğŸ³ï¸â€ğŸŒˆ rainbow flag",2,1,41
"ğŸ§™ mage",2,0,4
"ğŸ”¢ input numbers",2,2,11
"ğŸº wolf face",2,0,2
"ğŸ¨ ice cream",2,1,6
"ğŸ‘ clutch bag",2,2,12
"ğŸ¡ blowfish",2,0,2
"ğŸ§Ÿâ€â™‚ï¸ man zombie",2,0,2
"ğŸ¤° pregnant woman",2,2,3
"ğŸ”‰ speaker medium volume",2,0,8
"ğŸ§² magnet",2,1,7
"ğŸ’‚â€â™‚ï¸ man guard",2,3,10
"ğŸ—¿ moai",2,0,10
"ğŸ†’ COOL button",2,2,69
"ğŸ”€ shuffle tracks button",2,1,2
"ğŸ”º red triangle pointed up",2,0,12
"ğŸŒ‘ new moon",2,2,9
"ğŸ“¨ incoming envelope",2,1,17
"ğŸ¤š raised back of hand",2,1,17
"âš› atom symbol",2,0,6
"ğŸŒ˜ waning crescent moon",2,2,10
"ğŸ‘² man with Chinese cap",2,0,6
"ğŸ”© nut and bolt",2,1,6
"ğŸŒï¸â€â™€ï¸ woman golfing",2,0,3
"ğŸ§—â€â™€ï¸ woman climbing",2,2,8
"â€¼ double exclamation mark",2,1,18
"ğŸƒâ€â™‚ï¸ man running",2,1,9
"ğŸ¥© cut of meat",2,1,5
"ğŸ± cat face",2,0,1
"ğŸš¿ shower",2,1,15
"ğŸ–² trackball",2,3,8
"ğŸš˜ oncoming automobile",2,1,5
"ğŸ§º basket",2,1,20
"ğŸ¦ lobster",2,1,18
"ğŸ¥ croissant",2,0,6
"â° curly loop",2,1,7
"ğŸ‘Ÿ running shoe",2,2,9
"ğŸ¿ popcorn",2,1,7
"ğŸ¥¾ hiking boot",2,1,6
"ğŸ‘” necktie",2,1,8
"ğŸ” hamburger",2,0,7
"ğŸ§â€â™€ï¸ woman genie",2,1,7
"ğŸ‹ lemon",2,1,5
"ğŸ›„ baggage claim",2,1,6
"ğŸ”“ unlocked",2,3,15
"Â® registered",2,2,6
"ğŸ¤ handshake",2,1,11
"ğŸ¥‰ 3rd place medal",2,1,11
"ğŸ  carousel horse",2,2,16
"ğŸ“ straight ruler",2,2,9
"âš  warning",2,6,22
"ğŸ’“ beating heart",2,0,3
"ğŸ¦² bald",2,1,11
"ğŸš helicopter",2,0,8
"âš” crossed swords",2,0,9
"ğŸ° shortcake",2,1,4
"ğŸ§¦ socks",2,2,8
"ğŸ„â€â™‚ï¸ man surfing",2,0,11
"ğŸ•º man dancing",2,1,8
"ğŸ‘¯ people with bunny ears",2,1,14
"ğŸ—» mount fuji",2,1,11
"ğŸ“¤ outbox tray",2,2,8
"ğŸ± bento box",2,2,15
"ğŸ™„ face with rolling eyes",2,1,21
"ğŸ¥Š boxing glove",2,1,10
"ğŸ« school",2,1,79
"ğŸ‘©â€ğŸ¦³ woman; white hair",2,1,17
"ğŸ“• closed book",2,0,7
"ğŸ‘©â€ğŸ‘§ family; woman, girl",2,3,21
"ğŸ‘ eye",2,3,8
"â›© shinto shrine",2,1,6
"ğŸ§³ luggage",2,1,7
"ğŸŒ„ sunrise over mountains",2,2,3
"ğŸ› bathtub",2,1,11
"ğŸ‘¨â€ğŸŒ¾ man farmer",2,0,12
"ğŸ¥ hospital",2,1,10
"ğŸ¢ oden",2,1,7
"ğŸ’² heavy dollar sign",2,0,37
"ğŸ‘§ girl",2,1,17
"ğŸ† fireworks",2,1,11
"ğŸ¦ gorilla",2,0,4
"ğŸ™ person frowning",2,2,8
"âœ” heavy check mark",2,3,18
"ğŸ‘©â€ğŸ³ woman cook",2,2,8
"ğŸ™â€â™‚ï¸ man pouting",2,4,50
"âŒš watch",2,5,19
"ğŸ•™ ten oâ€™clock",2,0,5
"ğŸ“Œ pushpin",2,0,4
"ğŸŒƒ night with stars",2,0,5
"ğŸ‘©â€âœˆï¸ woman pilot",2,0,10
"âš– balance scale",2,1,11
"ğŸ¥– baguette bread",2,1,12
"ğŸ›¥ motor boat",2,2,6
"âœŠ raised fist",2,0,4
"ğŸ¥ kiwi fruit",2,0,4
"ğŸœ ant",2,1,13
"ğŸ‘ ewe",2,1,17
"ğŸ•Ÿ four thirty",2,0,6
"ğŸ§© jigsaw",2,1,9
"ğŸš– oncoming taxi",2,1,11
"ğŸ›¬ airplane arrival",2,2,18
"â˜¸ wheel of dharma",2,3,13
"ğŸ§« petri dish",2,0,8
"ğŸ—‘ wastebasket",2,2,6
"ğŸšª door",2,0,6
"ğŸ“¶ antenna bars",2,3,11
"â¹ stop button",2,1,14
"ğŸ“— green book",2,0,10
"ğŸ§š fairy",2,1,12
"ğŸ• camping",2,1,19
"ğŸš‡ metro",2,0,9
"ğŸ“³ vibration mode",2,0,9
"ğŸ¤¤ drooling face",2,0,7
"âš¡ high voltage",2,1,15
"ğŸ“¿ prayer beads",2,2,16
"ğŸš­ no smoking",2,1,11
"ğŸ¼ musical score",2,1,23
"ğŸ“† tear off calendar",2,2,15
"âš• medical symbol",2,0,11
"ğŸœ steaming bowl",2,0,5
"ğŸœ desert",2,0,15
"ğŸ’ kiss",2,0,14
"ğŸ‘¯â€â™‚ï¸ men with bunny ears",2,0,7
"ğŸ‘» ghost",2,0,28
"ğŸ¤« shushing face",2,0,74
"ğŸ˜ neutral face",2,0,13
"ğŸ wrapped gift",2,1,11
"ğŸŒ§ cloud with rain",2,0,106
"ğŸ§¾ receipt",2,0,9
"ğŸ’†â€â™‚ï¸ man getting massage",2,0,8
"ğŸ§â€â™‚ï¸ man genie",2,1,106
"ğŸŠ crocodile",2,2,93
"ğŸ¥“ bacon",2,1,22
"âœ¨ sparkles",2,0,90
"â›´ ferry",2,1,29
"ğŸ¥ª sandwich",2,0,149
"ğŸ’‡ person getting haircut",1,3,8
"ğŸ¥¦ broccoli",1,1,86
"1ï¸âƒ£ keycap; 1",1,4,6
"ğŸ’µ dollar banknote",1,1,4
"ğŸŒ globe with meridians",1,6,11
"ğŸ˜© weary face",1,4,14
"ğŸˆ Japanese â€œhereâ€ button",1,1,2
"â– heavy minus sign",1,5,11
"ğŸš› articulated lorry",1,1,3
"ğŸ¥® moon cake",1,3,7
"ğŸ™‹â€â™€ï¸ woman raising hand",1,2,6
"ğŸ…± B button (blood type)",1,5,8
"ğŸ˜‹ face savoring food",1,1,2
"ğŸ¥½ goggles",1,3,4
"ğŸ³ white flag",1,2,5
"â¤´ right arrow curving up",1,1,5
"ğŸ­ performing arts",1,1,7
"ğŸ® red paper lantern",1,4,11
"ğŸ› shopping bags",1,0,2
"ğŸ‘± person; blond hair",1,2,3
"ğŸ”¨ hammer",1,2,8
"ğŸ’â€â™€ï¸ woman tipping hand",1,1,5
"ğŸš level slider",1,0,1
"7ï¸âƒ£ keycap; 7",1,3,4
"ğŸ“½ film projector",1,2,11
"ğŸ‰ rugby football",1,2,5
"ğŸŒ¼ blossom",1,2,18
"ğŸ§šâ€â™€ï¸ woman fairy",1,2,10
"ğŸŒš new moon face",1,1,2
"ğŸ‘¼ baby angel",1,1,4
"ğŸ½ running shirt",1,5,15
"â² timer clock",1,4,7
"ğŸ’‹ kiss mark",1,0,1
"ğŸŠ tangerine",1,2,3
"ğŸ“ƒ page with curl",1,2,6
"ğŸ¦ˆ shark",1,1,6
"â eject button",1,2,38
"ğŸ¤¼â€â™€ï¸ women wrestling",1,1,3
"ğŸ‘¨â€âš•ï¸ man health worker",1,2,3
"ğŸ˜ª sleepy face",1,6,15
"ğŸš” oncoming police car",1,3,19
"ğŸ² game die",1,3,14
"ğŸ‘©â€ğŸ”¬ woman scientist",1,0,3
"ğŸ honeybee",1,1,2
"ğŸº trumpet",1,2,1
"ğŸš£â€â™‚ï¸ man rowing boat",1,3,7
"ğŸ® custard",1,2,8
"ğŸŒ‚ closed umbrella",1,3,4
"ğŸ¦‹ butterfly",1,2,11
"ğŸ§ cupcake",1,1,1
"â“ question mark",1,2,6
"ğŸ§¼ soap",1,0,2
"â†™ down left arrow",1,2,6
"ğŸ§ shaved ice",1,2,8
"ğŸ¦¢ swan",1,1,7
"ğŸ‘œ handbag",1,1,7
"ğŸ¥ flying disc",1,1,7
"ğŸ˜¨ fearful face",1,2,8
"ğŸ‘©â€âš•ï¸ woman health worker",1,1,8
"â–« white small square",1,1,3
"ğŸ¥ƒ tumbler glass",1,2,7
"ğŸ–‡ linked paperclips",1,3,7
"ğŸ“£ megaphone",1,0,2
"ğŸ“˜ blue book",1,3,7
"ğŸ¿ skis",1,0,5
"âš— alembic",1,5,8
"ğŸ¥¡ takeout box",1,3,28
"ğŸ’• two hearts",1,2,4
"ğŸ¥¿ flat shoe",1,4,9
"ğŸŒ¹ rose",1,2,9
"ğŸ§¥ coat",1,0,3
"ğŸš¸ children crossing",1,4,5
"â© fast forward button",1,3,106
"ğŸš¨ police car light",1,2,2
"ğŸ¶ musical notes",1,4,12
"ğŸ» violin",1,0,1
"â¬œ white large square",1,3,11
"ğŸ— old key",1,2,5
"ğŸ‘¨â€ğŸ­ man factory worker",1,2,9
"ğŸ« chocolate bar",1,3,11
"ğŸŒ crossed flags",1,4,6
"ğŸ‘©â€ğŸ¤ woman singer",1,2,5
"ğŸ’± currency exchange",1,2,9
"â˜ª star and crescent",1,1,4
"ğŸ§” man; beard",1,1,33
"ğŸ» clinking beer mugs",1,1,13
"ğŸ™â€â™€ï¸ woman pouting",1,2,10
"ğŸ› control knobs",1,4,12
"ğŸ¥’ cucumber",1,2,8
"ğŸ· wine glass",1,5,29
"ğŸ“ file folder",1,1,5
"â™Œ Leo",1,0,3
"ğŸˆ melon",1,2,15
"ğŸ¥ˆ 2nd place medal",1,4,5
"ğŸ–‹ fountain pen",1,2,4
"ğŸ‡ sparkler",1,1,26
"ğŸ˜‰ winking face",1,3,10
"ğŸ¦¹ supervillain",1,2,4
"ğŸ“ paperclip",1,4,14
"ğŸŒ» sunflower",1,3,11
"ğŸš cooked rice",1,2,5
"ğŸ›ƒ customs",1,1,3
"ğŸš© triangular flag",1,1,2
"ğŸ’… nail polish",1,4,12
"ğŸ›¤ railway track",1,1,2
"ğŸ¥§ pie",1,0,1
"ğŸ”‡ muted speaker",1,4,15
"ğŸš— automobile",1,0,1
"âª fast reverse button",1,2,3
"ğŸ bread",1,3,10
"ğŸ™‚ slightly smiling face",1,2,21
"ğŸ§›â€â™‚ï¸ man vampire",1,2,5
"ğŸ¦ lion face",1,0,1
"ğŸ˜¬ grimacing face",1,1,1
"ğŸ¦ rhinoceros",1,0,1
"â™’ Aquarius",1,6,15
"ğŸ™ octopus",1,1,5
"ğŸ˜§ anguished face",1,7,18
"ğŸ”˜ radio button",1,2,5
"ğŸ‘¨â€ğŸ« man teacher",1,1,3
"ğŸ§  brain",1,5,134
"ğŸš£ person rowing boat",1,3,12
"ğŸ—£ speaking head",1,3,8
"ğŸ“Ÿ pager",1,2,3
"ğŸš  mountain cableway",1,1,4
"ğŸ•¹ joystick",1,2,5
"ğŸ§› vampire",1,0,2
"ğŸ™†â€â™€ï¸ woman gesturing OK",1,1,8
"ğŸ’½ computer disk",1,0,2
"ğŸ”Š speaker high volume",1,1,2
"ğŸ˜¢ crying face",1,1,1
"ğŸ’ heart with ribbon",1,0,2
"ğŸ… tomato",1,2,5
"ğŸ chequered flag",1,1,5
"â• white exclamation mark",1,1,7
"ğŸ™…â€â™‚ï¸ man gesturing NO",1,2,5
"ğŸ† leopard",1,1,48
"ğŸ” TOP arrow",1,3,12
"âœ³ eight spoked asterisk",1,3,7
"â­ star",1,0,3
"ğŸšš delivery truck",1,0,1
"#ï¸âƒ£ keycap; #",1,0,3
"âœ‹ raised hand",1,4,6
"ğŸ›° satellite",1,1,4
"ğŸ¦± curly hair",1,2,4
"ğŸ˜¼ cat face with wry smile",1,0,3
"ğŸ§¢ billed cap",1,0,3
"ğŸ•¢ seven thirty",1,1,10
"ğŸ¥¥ coconut",1,0,4
"â™ Virgo",1,3,13
"â›· skier",1,4,9
"ğŸ¥¬ leafy green",1,2,5
"â›¹ï¸â€â™‚ï¸ man bouncing ball",1,1,1
"â™‰ Taurus",1,1,5
"ğŸ¹ hamster face",1,1,1
"ğŸ›£ motorway",1,0,2
"ğŸµ rosette",1,4,7
"ğŸ¥ softball",1,4,33
"ğŸ‹ tanabata tree",1,4,8
"ğŸ”’ locked",1,3,5
"â™¿ wheelchair symbol",1,1,8
"ğŸ’† person getting massage",1,1,1
"ğŸ—º world map",1,0,3
"ğŸ maple leaf",1,1,43
"ğŸ’’ wedding",1,4,6
"ğŸ™ rice ball",1,2,4
"ğŸ— poultry leg",1,2,5
"ğŸ¦¹â€â™‚ï¸ man supervillain",1,0,2
"â›¹ï¸â€â™€ï¸ woman bouncing ball",1,0,3
"ğŸ  house",1,2,5
"ğŸ‘½ alien",1,0,3
"ğŸ”¡ input latin lowercase",1,5,16
"ğŸ‘‚ ear",1,1,2
"ğŸ• one oâ€™clock",1,2,10
"â˜¦ orthodox cross",1,6,5
"ğŸ’™ blue heart",1,2,4
"9ï¸âƒ£ keycap; 9",1,3,5
"ğŸ“„ page facing up",1,3,6
"â˜€ sun",1,2,7
"âš™ gear",1,2,15
"â™‘ Capricorn",1,2,6
"ğŸ“‡ card index",1,4,5
"ğŸ‘— dress",1,1,4
"ğŸ›  hammer and wrench",1,1,6
"ğŸ…¿ P button",1,4,5
"ğŸ›« airplane departure",1,0,1
"ğŸ—„ file cabinet",1,2,3
"ğŸ‰ watermelon",1,0,1
"ğŸ³ spouting whale",1,1,5
"ğŸš¼ baby symbol",1,0,2
"âš¾ baseball",1,1,7
"ğŸµ teacup without handle",1,2,6
"ğŸŒ¤ sun behind small cloud",1,2,4
"ğŸ•– seven oâ€™clock",1,0,2
"ğŸš bus stop",1,3,14
"ğŸ”µ blue circle",1,3,4
"ğŸ“¦ package",1,0,1
"ğŸš´ person biking",1,1,3
"â™ ï¸ spade suit",1,4,72
"ğŸ¥‹ martial arts uniform",1,4,7
"ğŸ¦ lizard",1,1,4
"ğŸ”§ wrench",1,4,10
"ğŸ•› twelve oâ€™clock",1,2,2
"ğŸ•¤ nine thirty",1,3,12
"ğŸ• pizza",1,0,0
"ğŸ’ª flexed biceps",1,2,5
"ğŸ£ hatching chick",1,2,3
"ğŸ„ person surfing",1,1,12
"âšª white circle",1,3,4
"ğŸ¥¤ cup with straw",1,2,7
"ğŸ–¤ black heart",1,1,4
"â˜¢ radioactive",1,2,5
"ğŸ‘¨â€ğŸ’» man technologist",1,1,3
"ğŸ¤“ nerd face",1,4,13
"ğŸ”† bright button",1,0,1
"ğŸ¤± breast feeding",1,0,3
"ğŸ‘©â€â¤ï¸â€ğŸ’‹â€ğŸ‘¨ kiss; woman, man",1,2,4
"ğŸš´â€â™‚ï¸ man biking",1,0,1
"ğŸš· no pedestrians",1,1,3
"ğŸ’§ droplet",1,0,2
"ğŸ”³ white square button",1,5,18
"ğŸ motorcycle",1,1,1
"âœˆ airplane",1,1,4
"ğŸš¦ vertical traffic light",1,2,29
"ğŸŒ¿ herb",1,2,4
"ğŸ red apple",1,4,5
"ğŸ•‘ two oâ€™clock",1,3,58
"ğŸ¤ª zany face",1,2,2
"ğŸ‘‘ crown",1,1,5
"ğŸ¤Ÿ love you gesture",1,0,2
"ğŸ¥ fish cake with swirl",1,0,1
"â˜® peace symbol",1,1,7
"ğŸŒŸ glowing star",1,1,3
"ğŸŒ® taco",1,1,2
"ğŸ¦™ llama",1,1,14
"ğŸšƒ railway car",1,1,11
"ğŸ§â€â™‚ï¸ man elf",1,0,1
"ğŸ§ penguin",1,3,10
"ğŸ’¶ euro banknote",1,1,1
"ğŸ˜« tired face",1,1,2
"ğŸ… sports medal",1,3,10
"ğŸ¦° red hair",1,2,7
"ğŸ“‹ clipboard",1,1,5
"ğŸ¦Œ deer",1,1,1
"ğŸ•’ three oâ€™clock",1,3,44
"ğŸ•´ man in suit levitating",1,0,1
"âš½ soccer ball",1,2,2
"ğŸ¦¶ foot",1,1,3
"ğŸŸ french fries",1,0,1
"ğŸ‘› purse",1,2,5
"ğŸ‘¨â€ğŸ¨ man artist",1,2,2
"ğŸ“œ scroll",1,2,8
"ğŸ¹ tropical drink",1,2,8
"ğŸ—’ spiral notepad",1,2,15
"ğŸ´â€â˜ ï¸ pirate flag",1,3,11
"ğŸ˜¥ sad but relieved face",1,3,7
"ğŸ’´ yen banknote",1,3,8
"ğŸ¤¹â€â™‚ï¸ man juggling",1,2,10
"ğŸ“© envelope with arrow",1,1,2
"ğŸ™Š speak no evil monkey",1,0,2
"ğŸŸ stadium",1,1,5
"ğŸ¤ fried shrimp",1,1,3
"ğŸ““ notebook",1,2,6
"ğŸµ monkey face",1,2,11
"ğŸ‘’ womanâ€™s hat",1,2,7
"ğŸ“¢ loudspeaker",1,2,4
"ğŸ–¥ desktop computer",1,2,5
"4ï¸âƒ£ keycap; 4",1,2,9
"ğŸ‘¨â€ğŸ“ man student",1,0,2
"ğŸ™ cityscape",1,3,5
"ğŸ­ factory",1,1,6
"ğŸ˜° anxious face with sweat",1,1,5
"ğŸ‘´ old man",1,4,10
"â™ˆ Aries",1,1,5
"ğŸ”¯ dotted six pointed star",1,1,0
"ğŸ¡ dango",1,3,6
"ğŸª camel",1,0,1
"ğŸšµ person mountain biking",1,1,11
"ğŸ—½ Statue of Liberty",1,2,5
"â„ snowflake",1,2,9
"ğŸ‘£ footprints",1,2,3
"ğŸ’ƒ woman dancing",1,0,3
"ğŸ° slot machine",1,3,4
"ğŸ„ Christmas tree",1,3,10
"ğŸŠ person swimming",1,1,1
"ğŸ¦“ zebra",1,1,7
"ğŸ•“ four oâ€™clock",1,0,1
"ğŸ’‚ guard",1,2,9
"ğŸª convenience store",1,3,10
"âš« black circle",1,2,4
"ğŸ§¬ dna",1,0,2
"â„¹ information",1,0,1
"ğŸ‘¨â€ğŸ‘¦ family; man, boy",1,3,12
"ğŸ§ face with monocle",1,3,12
"ğŸ˜ smirking face",1,1,11
"ğŸ™‰ hear no evil monkey",1,1,3
"ğŸ¤› left facing fist",1,2,4
"ğŸ”¥ fire",1,0,1
"ğŸŒ¾ sheaf of rice",1,2,12
"ğŸ¤¦â€â™€ï¸ woman facepalming",1,2,66
"ğŸ“´ mobile phone off",1,4,23
"ğŸ¦¡ badger",1,0,3
"ğŸš± non potable water",1,2,8
"â—» white medium square",1,3,9
"ğŸ”¤ input latin letters",1,2,4
"ğŸ”¶ large orange diamond",1,2,3
"ğŸ¤¾ person playing handball",1,0,1
"ğŸ›¢ oil drum",1,3,10
"ğŸŒ’ waxing crescent moon",1,1,3
"ğŸŒ… sunrise",1,1,4
"â˜„ comet",1,1,8
"ğŸ¬ department store",1,1,0
"ğŸ’¿ optical disk",1,1,11
"ğŸ• synagogue",1,1,4
"â›“ chains",1,1,4
"â› Ophiuchus",1,2,5
"ğŸ‘¶ baby",1,1,7
"ğŸ‘®â€â™‚ï¸ man police officer",1,3,49
"ğŸ¿ chipmunk",1,0,1
"ğŸ§µ thread",1,1,6
"ğŸ  tropical fish",1,3,12
"ğŸ¤ post office",1,2,6
"ğŸ™ƒ upside down face",1,1,5
"ğŸ˜› face with tongue",1,2,10
"ğŸ‘¢ womanâ€™s boot",1,0,2
"ğŸ‘¹ ogre",1,1,6
"ğŸ carp streamer",1,0,1
"ğŸ¥¼ lab coat",1,1,3
"ğŸ“¹ video camera",1,4,13
"ğŸ†“ FREE button",1,0,3
"ğŸ—¼ Tokyo tower",1,1,8
"ğŸ¦‰ owl",1,0,3
"ğŸ˜· face with medical mask",1,0,1
"ğŸ¦¹â€â™€ï¸ woman supervillain",1,1,4
"ğŸ—“ spiral calendar",1,2,14
"ğŸ¦µ leg",1,2,47
"ğŸƒ water buffalo",1,0,3
"â˜  skull and crossbones",1,3,42
"ğŸŒ• full moon",1,1,4
"ğŸ‘© woman",1,0,3
"ğŸ¡ house with garden",1,1,7
"ğŸ‘¤ bust in silhouette",1,1,3
"â›³ flag in hole",1,1,5
"ğŸ¤ crossed fingers",1,0,0
"ğŸ† AB button (blood type)",1,2,7
"ğŸ‘ peach",1,0,4
"ğŸ¦… eagle",1,2,43
"ğŸ’ ring",1,1,3
"ğŸš€ rocket",1,1,12
"ğŸ…° A button (blood type)",1,0,1
"ğŸŒ¯ burrito",1,0,5
"ğŸ§™â€â™‚ï¸ man mage",1,0,2
"ğŸ“± mobile phone",1,2,19
"ğŸ“š books",1,2,5
"â›² fountain",1,0,2
"ğŸ§Ÿâ€â™€ï¸ woman zombie",1,0,3
"ğŸ¥  fortune cookie",1,1,7
"â˜˜ shamrock",1,2,8
"ğŸš´â€â™€ï¸ woman biking",1,3,40
"ğŸŒ› first quarter moon face",1,0,2
"ğŸ¤” thinking face",1,3,21
"ğŸ– beach with umbrella",1,0,3
"ğŸ¤¼ people wrestling",1,1,7
"ğŸ˜  angry face",1,1,5
"ğŸ¢ roller coaster",1,0,1
"0ï¸âƒ£ keycap; 0",1,0,3
"â” white question mark",1,1,10
"ğŸš’ fire engine",1,1,8
"ğŸ¸ frog face",1,1,8
"âš° coffin",1,2,20
"ğŸ’­ thought balloon",1,0,6
"ğŸ›¸ flying saucer",1,1,8
"ã€° wavy dash",1,2,18
"ğŸ¤— hugging face",1,1,12
"âŒ cross mark",1,3,11
"ğŸ”· large blue diamond",1,1,3
"ğŸ– military medal",1,2,8
"ğŸ‘¨â€ğŸ³ man cook",1,1,8
"ğŸŒ« fog",1,0,4
"ğŸ‘¥ busts in silhouette",1,2,10
"â›„ snowman without snow",1,1,3
"ğŸ¯ honey pot",1,0,3
"ğŸ€„ mahjong red dragon",1,1,7
"8ï¸âƒ£ keycap; 8",1,0,2
"ğŸ‘¨â€ğŸ‘§ family; man, girl",1,2,10
"ğŸ”¼ upwards button",1,1,11
"ğŸ›¶ canoe",1,0,2
"ğŸ›³ passenger ship",1,0,2
"ğŸ¥‚ clinking glasses",1,0,5
"âœ… white heavy check mark",1,2,28
"â™ Libra",1,2,42
"ğŸ¤¥ lying face",1,2,12
"ğŸ•¸ spider web",1,2,12
"ğŸ€ ribbon",1,1,2
"â™¥ï¸ heart suit",1,0,2
"ğŸ¤¾â€â™‚ï¸ man playing handball",1,2,12
"ğŸ Japanese dolls",1,2,16
"ğŸ˜¡ pouting face",1,0,5
"â˜¹ï¸ frowning face",1,1,5
"ğŸ”¸ small orange diamond",1,2,12
"ğŸ˜ˆ smiling face with horns",1,0,3
"ğŸ¥š egg",1,0,3
"ğŸŒ snail",1,0,6
"ğŸ›¹ skateboard",1,0,3
"ğŸ¤º person fencing",1,1,7
"ğŸ® video game",1,1,6
"âœï¸ writing hand",1,0,8
"ğŸ” snow capped mountain",1,1,70
"ğŸ†• NEW button",1,0,3
"â˜£ biohazard",1,0,6
"ğŸš‹ tram car",1,1,7
"ğŸ† trophy",1,0,4
"ğŸ’ revolving hearts",1,1,4
"ğŸ“¸ camera with flash",1,1,6
"ğŸƒâ€â™€ï¸ woman running",1,0,7
"ğŸ¥› glass of milk",1,1,11
"ğŸ‘¨â€ğŸš’ man firefighter",1,1,12
"ğŸ¬ clapper board",1,1,8
"ğŸš¬ cigarette",1,1,5
"ğŸ’¨ dashing away",1,0,4
"ğŸ¦„ unicorn face",1,1,9
"ğŸš„ high speed train",1,0,6
"ğŸ¸ badminton",1,1,8
"ğŸ•µ detective",1,0,5
"ğŸ˜¯ hushed face",1,1,12
"ğŸ horse",1,0,8
"ğŸ¤·â€â™€ï¸ woman shrugging",1,0,7
"â® last track button",1,0,4
"ğŸ¹ musical keyboard",1,0,9
"ğŸ•³ hole",1,0,4
"ğŸ” repeat button",1,0,4
"ğŸ§œâ€â™‚ï¸ merman",1,0,1
"â›µ sailboat",1,0,26
"ğŸ¤˜ sign of the horns",1,1,17
"â†˜ down right arrow",1,0,8
"ğŸ”‚ repeat single button",1,0,2
"ğŸ§šâ€â™‚ï¸ man fairy",1,0,8
"ğŸ¤¸â€â™‚ï¸ man cartwheeling",1,1,21
"ğŸ¦˜ kangaroo",1,0,35
"ğŸ¦Š fox face",1,0,7
"ğŸ˜‡ smiling face with halo",1,0,6
"ğŸ‘ field hockey",1,0,7
"ğŸ¨ artist palette",1,0,11
"ğŸª circus tent",1,0,10
"â¸ pause button",1,0,43
"ğŸ’° money bag",1,0,27
"â™¨ hot springs",1,0,20
"ğŸ§™â€â™€ï¸ woman mage",1,0,23
"â‡ sparkle",1,0,10
"ğŸ¥” potato",1,0,165
"ğŸ—œ clamp",1,0,27
"ğŸ“",1,0,34
"ğŸ˜",1,0,325
"ğŸ“·",1,0,101
"ğŸ pineapple",0,2,5
"ğŸ’ cherries",0,5,10
"ğŸ”– bookmark",0,4,10
"ğŸ•Š dove",0,3,5
"â–¶ play button",0,2,7
"âš± funeral urn",0,2,2
"ğŸ”Ÿ keycap; 10",0,6,4
"ğŸ†˜ SOS button",0,2,3
"ğŸƒ jack o lantern",0,2,1
"ğŸ•š eleven oâ€™clock",0,5,6
"â™“ Pisces",0,3,4
"ğŸŒ foggy",0,4,2
"ğŸ…¾ O button (blood type)",0,4,2
"â³ hourglass not done",0,3,3
"ğŸ”½ downwards button",0,1,0
"ğŸ™ person pouting",0,4,6
"ğŸ¥™ stuffed flatbread",0,4,1
"âœ latin cross",0,4,11
"ğŸ•¥ ten thirty",0,3,7
"ğŸ”´ red circle",0,3,4
"ğŸ² pot of food",0,2,4
"ğŸ†š VS button",0,9,26
"ğŸ–– vulcan salute",0,3,1
"ğŸ›‘ stop sign",0,4,3
"ğŸ¼ baby bottle",0,1,1
"â¬‡ down arrow",0,2,2
"ğŸŒ banana",0,2,2
"ğŸƒ joker",0,2,0
"ğŸ§ª test tube",0,3,2
"âœ¡ star of David",0,6,11
"âœ´ eight pointed star",0,3,2
"ğŸ‘¨â€ğŸ¦° man; red hair",0,3,4
"ğŸˆ balloon",0,1,1
"ğŸ•¶ sunglasses",0,2,3
"ğŸ˜® face with open mouth",0,2,1
"ğŸ§· safety pin",0,2,1
"â™ Sagittarius",0,5,24
"ğŸ¤ microphone",0,3,6
"ğŸ§¡ orange heart",0,6,4
"ğŸ’® white flower",0,4,1
"ğŸš³ no bicycles",0,4,15
"ğŸ’— growing heart",0,2,7
"ğŸ™€ weary cat face",0,2,5
"ğŸŒ± seedling",0,3,11
"*ï¸âƒ£ keycap; *",0,2,0
"ğŸ§“ older person",0,2,1
"ğŸ• three thirty",0,1,0
"â†• up down arrow",0,7,12
"ğŸ© top hat",0,4,4
"ğŸ¥€ wilted flower",0,3,6
"ğŸ‚ fallen leaf",0,1,1
"ğŸ¤· person shrugging",0,2,7
"â™‹ Cancer",0,3,6
"ğŸ“› name badge",0,2,5
"ğŸ™‹ person raising hand",0,2,1
"ğŸ¸ cocktail glass",0,2,1
"ğŸ’Š pill",0,3,7
"ğŸ§¤ gloves",0,6,30
"2ï¸âƒ£ keycap; 2",0,3,3
"ğŸ“µ no mobile phones",0,2,1
"ğŸ‘· construction worker",0,2,6
"ğŸ–Œ paintbrush",0,1,1
"ğŸ‘ƒ nose",0,3,3
"â¬… left arrow",0,2,4
"â™£ï¸ club suit",0,3,1
"ğŸ’» laptop computer",0,3,10
"ğŸ“™ orange book",0,1,1
"â™€ female sign",0,3,5
"ğŸ¤¹â€â™€ï¸ woman juggling",0,2,3
"ğŸ‘€ eyes",0,1,0
"ğŸ¥º pleading face",0,1,0
"ğŸ’  diamond with a dot",0,1,0
"ğŸ‹ï¸â€â™‚ï¸ man lifting weights",0,2,1
"ğŸ¦ raccoon",0,1,1
"ğŸ‘³â€â™‚ï¸ man wearing turban",0,4,4
"ğŸŒ” waxing gibbous moon",0,1,1
"ğŸ‘ª family",0,2,1
"ğŸ†– NG button",0,3,3
"ğŸ racing car",0,2,2
"â— exclamation mark",0,2,3
"ğŸ“ memo",0,3,8
"ğŸ“– open book",0,3,8
"ğŸ˜• confused face",0,2,17
"6ï¸âƒ£ keycap; 6",0,3,2
"ğŸ‘ clapping hands",0,4,3
"ğŸ‘¨â€ğŸ”¬ man scientist",0,1,0
"ğŸ“ graduation cap",0,2,2
"ğŸ¤’ face with thermometer",0,1,0
"ğŸ film frames",0,1,1
"ğŸ‘±â€â™‚ï¸ man; blond hair",0,3,2
"ğŸ§ headphone",0,1,0
"ğŸ¤¢ nauseated face",0,1,0
"ğŸ pine decoration",0,1,0
"ğŸ”  input latin uppercase",0,2,3
"â†” left right arrow",0,2,4
"ğŸ‘° bride with veil",0,1,0
"ğŸ‘š womanâ€™s clothes",0,2,2
"ğŸ”£ input symbols",0,3,2
"â˜‘ ballot box with check",0,2,10
"ğŸ‘©â€ğŸ¦² woman; bald",0,2,5
"ğŸ¤© star struck",0,2,0
"ğŸ¤´ prince",0,1,0
"ğŸ›µ motor scooter",0,1,1
"ğŸ”¬ microscope",0,2,13
"ğŸ¥³ partying face",0,1,1
"ğŸ¤¦â€â™‚ï¸ man facepalming",0,2,5
"ğŸ³ cooking",0,1,0
"ğŸ™Œ raising hands",0,2,1
"ğŸ“‚ open file folder",0,2,7
"ğŸ§® abacus",0,1,1
"ğŸ’ˆ barber pole",0,1,0
"ğŸ–Š pen",0,1,0
"ğŸ˜Ÿ worried face",0,2,2
"ğŸ§‘ person",0,5,12
"ğŸ‚ birthday cake",0,3,45
"ğŸ£ sushi",0,2,6
"ğŸ™… person gesturing NO",0,2,2
"ğŸ’ person tipping hand",0,1,1
"ğŸš² bicycle",0,3,21
"ğŸ— rolled up newspaper",0,1,3
"ğŸ†‘ CL button",0,2,2
"ğŸ§’ child",0,1,2
"ğŸ¥— green salad",0,3,15
"3ï¸âƒ£ keycap; 3",0,3,2
"ğŸ´ flower playing cards",0,3,4
"ğŸ•¯ candle",0,1,0
"ğŸ— reminder ribbon",0,2,0
"ğŸ€ basketball",0,1,0
"ğŸ—ƒ card file box",0,4,11
"ğŸŒ full moon face",0,2,3
"ğŸ‘ moon viewing ceremony",0,1,2
"ğŸ¬ candy",0,1,0
"ğŸ”• bell with slash",0,2,2
"ğŸƒ person running",0,1,0
"ğŸ¾ tennis",0,2,14
"ğŸ‡ grapes",0,1,1
"ğŸ¤² palms up together",0,2,33
"ğŸ’Ÿ heart decoration",0,1,0
"ğŸ“· camera",0,1,1
"ğŸ¤• face with head bandage",0,2,2
"ğŸ§Ÿ zombie",0,3,20
"ğŸ˜£ persevering face",0,1,0
"ğŸ”‹ battery",0,2,3
"ğŸ´ black flag",0,2,2
"ğŸšµâ€â™‚ï¸ man mountain biking",0,6,26
"ğŸ˜º grinning cat face",0,2,1
"ğŸŒ™ crescent moon",0,3,94
"ğŸ˜³ flushed face",0,1,0
"ğŸš§ construction",0,1,2
"ğŸ‘¨â€ğŸ’¼ man office worker",0,3,5
"ğŸ¦¸ superhero",0,1,0
"ğŸ”ˆ speaker low volume",0,1,1
"ğŸ˜µ dizzy face",0,1,0
"ğŸ’ bouquet",0,2,16
"ğŸ—¨ left speech bubble",0,2,1
"ğŸ“’ ledger",0,1,0
"ğŸ‘ thumbs down",0,2,7
"ğŸ‘¨â€ğŸ¦³ man; white hair",0,2,2
"ğŸ™ studio microphone",0,2,5
"ğŸŸ admission tickets",0,1,0
"â˜‚ umbrella",0,3,8
"ğŸ”š END arrow",0,1,0
"ğŸŸ fish",0,1,0
"â« fast up button",0,1,1
"ğŸ“° newspaper",0,1,2
"ğŸƒ leaf fluttering in wind",0,1,5
"ğŸ‘¨â€ğŸ¦± man; curly hair",0,3,6
"ğŸ‘º goblin",0,3,44
"ğŸ‘¨â€ğŸ”§ man mechanic",0,2,5
"â›ª church",0,3,24
"ğŸ’¦ sweat droplets",0,3,7
"ğŸ›€ person taking bath",0,1,1
"ğŸ˜½ kissing cat face",0,3,10
"ğŸ’‡â€â™‚ï¸ man getting haircut",0,2,3
"ğŸŒ¦ sun behind rain cloud",0,1,0
"ğŸ‘ open hands",0,2,3
"ğŸ’„ lipstick",0,1,1
"ğŸ‘©â€ğŸ‘¦ family; woman, boy",0,1,2
"ğŸ’š green heart",0,1,4
"ğŸ¤¼â€â™‚ï¸ men wrestling",0,3,5
"ğŸ” chicken",0,2,5
"ğŸ’¢ anger symbol",0,1,2
"ğŸ© poodle",0,1,1
"ğŸŒ– waning gibbous moon",0,2,5
"ğŸ“ telephone receiver",0,1,4
"ã€½ part alternation mark",0,1,1
"ğŸ“… calendar",0,1,3
"ğŸŒ globe showing Americas",0,2,6
"ğŸ” no one under eighteen",0,1,5
"ğŸ§—â€â™‚ï¸ man climbing",0,1,2
"ğŸ¥µ hot face",0,1,1
"ğŸ•µï¸â€â™‚ï¸ man detective",0,1,2
"ğŸš¯ no littering",0,1,2
"ğŸŒ‡ sunset",0,1,3
"ğŸ”ª kitchen knife",0,2,7
"ğŸ˜¶ face without mouth",0,2,6
"ğŸ•• six oâ€™clock",0,2,23
"ğŸŒ¨ cloud with snow",0,1,8
"ğŸ‹ person lifting weights",0,1,17
"â›º tent",0,1,3
"ğŸ¥´ woozy face",0,1,9
"ğŸ™†â€â™‚ï¸ man gesturing OK",0,2,10
"â™¦ï¸ diamond suit",0,2,5
"ğŸ¥ lacrosse",0,1,2
"ğŸµ musical note",0,3,13
"ğŸš™ sport utility vehicle",0,2,6
"â˜ telephone",0,1,5
"â­ next track button",0,1,4
"ğŸ§­ compass",0,2,5
"ğŸ˜” pensive face",0,1,6
"â™Š Gemini",0,1,1
"ğŸ§£ scarf",0,1,8
"âœŒï¸ victory hand",0,1,1
"ğŸŒ person golfing",0,1,2
"ğŸ”² black square button",0,1,2
"â™‚ male sign",0,2,1
"ğŸ‚ snowboarder",0,1,1
"â¬ fast down button",0,1,1
"ğŸ˜– confounded face",0,2,15
"â¬† up arrow",0,1,10
"ğŸ« ticket",0,1,4
"ğŸ†” ID button",0,1,5
"ğŸ‘… tongue",0,1,1
"ğŸ‘©â€ğŸ’¼ woman office worker",0,1,5
"ğŸ”« pistol",0,1,7
"ğŸ° rabbit face",0,1,3
"ğŸ’© pile of poo",0,1,8
"ğŸŒ— last quarter moon",0,1,5
"ğŸ“ round pushpin",0,2,15
"ğŸ— building construction",0,1,5
"ğŸ volleyball",0,1,44
"ğŸ desert island",0,1,71
"ğŸ‘·â€â™€ï¸",0,1,19
"ğŸ””",0,1,310
"ğŸ‰",0,1,77
